<?xml version="1.0" encoding="UTF-8"?>
<!DOCTYPE mapper PUBLIC "-//mybatis.org//DTD Mapper 3.0//EN" "http://mybatis.org/dtd/mybatis-3-mapper.dtd">

<mapper namespace="kr.ac.inha.board.board.mapper.BoardMapper">
	<select id="selectBoardList" resultType="kr.ac.inha.board.board.dto.BoardDto">
		<![CDATA[
			SELECT
				board_idx,
				title,
				hit_cnt,
				reply_cnt,
				DATE_FORMAT(created_datetime, '%Y-%m-%d %H:%i:%s') AS created_datetime
			FROM
				t_board
			WHERE
				deleted_yn = 'N'
			ORDER BY board_idx DESC
		]]>
	</select>


	<insert id="insertBoard" parameterType="kr.ac.inha.board.board.dto.BoardDto" useGeneratedKeys="true" keyProperty="boardIdx">
		<![CDATA[
		INSERT INTO t_board
		(
			title,
			contents,
			created_datetime,
			creator_id
		)
		VALUES
		(
			#{title},
			#{contents},
			NOW(),
			'admin'
		)
		]]>
	</insert>

	<select id="selectBoardDetail" parameterType="int" resultType="kr.ac.inha.board.board.dto.BoardDto">
		<![CDATA[
		SELECT
		board_idx, title, contents, hit_cnt, DATE_FORMAT(created_datetime, '%Y.%m.%d %H:%i:%s') AS created_datetime, creator_id
		FROM
		t_board
		WHERE
		board_idx = #{boardIdx}
		AND deleted_yn = 'N'
		]]>
	</select>

	<update id="updateHitCount" parameterType="int">
		<![CDATA[
		UPDATE
		t_board
		SET
		hit_cnt = hit_cnt + 1
		WHERE
		board_idx = #{boardIdx}
		]]>
	</update>
	<update id="updateBoard" parameterType="kr.ac.inha.board.board.dto.BoardDto">
		<![CDATA[
			UPDATE t_board
				SET title = #{title},
				contents = #{contents},
				updated_datetime = Now(),
				updater_id = 'admin'
			WHERE
				board_idx = #{boardIdx}
		]]>
	</update>
	<update id="deleteBoard" parameterType="int">
		<![CDATA[
		UPDATE t_board
		SET deleted_yn = 'Y',
		updated_datetime = Now(),
		updater_id = 'admin'
		WHERE
		board_idx = #{boardIdx}
		]]>
	</update>
	
	
	<select id="selectReplyList" resultType="kr.ac.inha.board.board.dto.ReplyDto">
		<![CDATA[
			SELECT
				reply_no,
				board_idx,
				reply_memo,
				DATE_FORMAT(created_datetime, '%Y-%m-%d %H:%i:%s') AS created_datetime,
				creator_id
			FROM
				t_reply
			WHERE
				board_idx = #{boardIdx}
			ORDER BY created_datetime DESC
		]]>
	</select>
	<select id="selectReplyDetail" resultType="kr.ac.inha.board.board.dto.ReplyDto">
		<![CDATA[
			SELECT
				reply_no,
				board_idx,
				reply_memo,
				DATE_FORMAT(created_datetime, '%Y-%m-%d %H:%i:%s') AS created_datetime,
				creator_id
			FROM
				t_reply
			WHERE
				reply_no = #{replyNo}
		]]>
	</select>
	<insert id="insertReply" parameterType="kr.ac.inha.board.board.dto.ReplyDto" useGeneratedKeys="true" keyProperty="replyNo">
		<![CDATA[
			INSERT INTO t_reply
			(
				board_idx,
				reply_memo,
				created_datetime,
				creator_id
			)
			VALUES
			(
				#{boardIdx},
				#{replyMemo},
				NOW(),
				'admin'
			)
		]]>
	</insert>
	<update id="updateReplyCount">
		<![CDATA[
			UPDATE t_board
				SET reply_cnt = ifnull(reply_cnt, 0) + #{interval}
			WHERE board_idx = #{boardIdx}
		]]>
	</update>
	<update id="updateReply" parameterType="kr.ac.inha.board.board.dto.ReplyDto">
		<![CDATA[
			UPDATE t_reply
				SET reply_memo = #{replyMemo}
			WHERE reply_no = #{replyNo}
		]]>
	</update>
	<delete id="deleteReply" parameterType="int">
		<![CDATA[
			DELETE FROM t_reply
			WHERE reply_no = #{replyNo}
		]]>
	</delete>



</mapper>