<?xml version="1.0" encoding="UTF-8"?>
<!DOCTYPE xml>
<configuration debug="true">
	<appender name="console"
		class="ch.qos.logback.core.ConsoleAppender">
		<encoder>
			<Pattern>%d %5p [%c] %m%n</Pattern>
		</encoder>
	</appender>
	<appender name="console-infolog"
		class="ch.qos.logback.core.ConsoleAppender">
		<encoder>
			<Pattern>%d %5p %m%n</Pattern>
		</encoder>
	</appender>

	<logger name="kr.ac.inha.board" level="DEBUG" appender-ref="console" />

	<logger name="jdbc" level="ERROR" appender-ref="console"/>
	<logger name="jdbc.sqlonly" level="ERROR" appender-ref="console"/>
	<logger name="jdbc.sqltiming" level="ERROR" appender-ref="console"/>
	<logger name="jdbc.audit" level="ERROR" appender-ref="console"/>
	<logger name="jdbc.resultset" level="ERROR" appender-ref="console"/>
	<logger name="jdbc.resultsettable" level="ERROR" appender-ref="console"/>
	<logger name="jdbc.connection" level="ERROR" appender-ref="console"/>

	<!-- 프레임웍 로거 -->
	<logger name="org.springframework" level="ERROR" />
	<logger name="org.springframework.jdbc" level="ERROR" />

	<root level="off">
		<appender-ref ref="console" />
	</root>
</configuration>
